account_id,created_at,home_city,home_lat,home_lon,kyc_status,account_type,ring_id,label_class
acc_8035f4bb9c,2026-03-28 13:34:32.187309,Bengaluru,12.924753869088267,77.62840410791921,verified,business,,normal
acc_39920dc3e5,2026-04-29 01:16:04.371455,Chennai,13.024043265456653,80.27645857671925,verified,individual,,normal
acc_83b3544ab7,2026-03-09 13:43:50.963114,Chennai,13.122312521390219,80.30573567276707,verified,individual,,normal
acc_88fb6064bd,2026-02-05 21:03:44.587350,Patna,25.615158979380723,85.09889313230256,verified,business,,normal
acc_635aff47b6,2025-11-26 20:33:40.494479,Chennai,13.08045108509071,80.26237286650698,verified,individual,,normal
acc_18795a5307,2025-10-01 02:19:18.447236,Chennai,13.075739212519425,80.25140595395662,verified,individual,,normal
acc_f26d5dfbe3,2026-04-14 09:22:24.846005,Patna,25.6126915590809,85.15700635148684,verified,individual,,normal
acc_26937f134c,2026-01-06 16:36:55.843452,Bengaluru,12.948526003194976,77.55794357079965,verified,individual,,normal
acc_5735340ec2,2026-03-18 18:48:54.844902,Patna,25.556255113650337,85.1004612065004,verified,individual,,normal
acc_a2d42b206d,2026-05-05 16:35:32.373142,Mumbai,19.100466408482216,72.84772208525727,verified,individual,,normal
acc_5a0d24a833,2025-10-02 23:13:04.386317,Kolkata,22.611853548556226,88.37397187156643,verified,business,,normal
acc_423233f0f7,2026-03-31 08:00:32.493227,Delhi,28.71712339633739,77.1309364065693,verified,individual,,normal
acc_ca1de1beca,2025-09-02 15:47:46.415495,Hyderabad,17.356221718547598,78.4743062048997,verified,individual,,normal
acc_735483fa07,2026-04-21 13:47:24.954664,Patna,25.637716142098718,85.06179505533262,verified,individual,,normal
acc_d6016a36cf,2025-08-03 22:34:04.621868,Hyderabad,17.417037233324002,78.52243636194594,verified,individual,,normal
acc_1fb8597aa9,2026-05-22 22:59:39.063281,Hyderabad,17.423647562218793,78.4780826880684,verified,individual,,normal
acc_88840aeb39,2026-03-15 23:31:43.339703,Chennai,13.10509462811053,80.27711557369688,verified,individual,,normal
acc_f6ce9a30c0,2025-12-15 06:24:57.814090,Bengaluru,12.978741427525978,77.622779747476,verified,individual,,normal
acc_6e7f5286cd,2026-04-06 10:30:06.001494,Delhi,28.6877462231277,77.08530459936945,verified,individual,,normal
acc_86606d3afd,2025-09-16 01:41:56.814418,Mumbai,19.05485575044132,72.8782627981409,verified,individual,,normal
acc_8f97558afc,2026-03-04 18:00:27.696143,Patna,25.58966371691399,85.11853250846649,verified,individual,,normal
acc_a8467ee2af,2026-06-30 11:22:05.167063,Patna,25.528914753494455,85.07801893638045,verified,individual,,normal
acc_366942ef92,2026-04-26 10:57:27.726439,Patna,25.577065650718946,85.19612379719757,verified,individual,,normal
acc_31bdc21b47,2025-08-27 05:15:03.591172,Pune,18.478345149549103,73.8474460559519,verified,individual,,normal
acc_21aff4c642,2026-02-14 14:57:02.618586,Mumbai,18.998192773730075,72.89726863259216,verified,individual,,normal
acc_d748b25ff5,2026-04-05 09:49:27.784927,Patna,25.528962258811333,85.14084907692406,verified,individual,,normal
acc_8ed3ad10ef,2025-08-22 23:27:56.218003,Delhi,28.776252202311753,77.0917182149787,verified,individual,,normal
acc_729990a5b4,2025-11-18 02:25:03.104671,Pune,18.530309760539268,73.91792466555137,verified,individual,,normal
acc_6920dc2aa0,2026-06-17 10:01:24.270853,Pune,18.46685211467014,73.82788236338965,verified,individual,,normal
acc_68a4c711ef,2025-08-01 02:17:20.332223,Bengaluru,12.909587110470436,77.62321040300965,verified,individual,,normal
acc_7276a2b9ed,2026-01-12 18:19:44.323468,Patna,25.60822224538064,85.17535344900426,verified,individual,,normal
acc_ca681c4d7c,2026-01-08 02:07:46.909219,Patna,25.61276709158901,85.09302621080938,verified,individual,,normal
acc_30a447cb01,2025-07-31 16:08:05.714089,Kolkata,22.553890213505422,88.33632807211443,verified,individual,,normal
acc_67170aafa7,2026-02-05 16:23:16.594630,Delhi,28.711174259794834,77.09535428661988,verified,business,,normal
acc_cacbc81729,2026-04-22 20:52:35.872098,Pune,18.51797736257575,73.93633648259369,verified,business,,normal
acc_6842d1c0fb,2025-08-06 06:45:17.923036,Pune,18.49790920727301,73.8033241546659,verified,individual,,normal
acc_e8e8851923,2025-11-13 14:01:24.120658,Hyderabad,17.34800060003494,78.52446978395209,verified,individual,,normal
acc_5a97279685,2025-10-22 20:49:21.257890,Delhi,28.721440133608372,77.09544423884424,verified,individual,,normal
acc_b7850220a4,2026-07-11 07:02:23.300721,Mumbai,19.0555052486333,72.82249253316364,verified,individual,,normal
acc_ff2348d82c,2026-06-06 04:09:55.332813,Mumbai,19.147130236775244,72.88490682944025,verified,individual,,normal
acc_fc2e032e05,2025-12-03 15:33:49.860014,Patna,25.60398209465603,85.11908976437687,verified,business,,normal
acc_cf3d53bcbd,2026-06-21 13:38:52.953172,Delhi,28.77327819783766,77.11075380347847,verified,individual,,normal
acc_0c004bf051,2025-09-25 15:21:57.547814,Bengaluru,13.049242600035283,77.58651354895123,verified,individual,,normal
acc_1ee44fc3b1,2026-04-25 23:29:21.198533,Bengaluru,12.92173307738543,77.55429698112812,verified,individual,,normal
acc_4b6164a337,2025-10-13 12:40:09.752125,Patna,25.58673770727367,85.15280606075672,verified,individual,,normal
acc_e35aec91a9,2026-01-19 17:55:51.662668,Hyderabad,17.41400625194941,78.39434990535896,verified,individual,,normal
acc_42192465c7,2026-04-03 23:16:07.479576,Chennai,13.043143587075283,80.25564939456304,verified,individual,,normal
acc_d7679922bf,2025-11-07 20:04:58.274305,Hyderabad,17.386379796963713,78.46489056606606,verified,individual,,normal
acc_c97c8d5385,2026-06-17 07:22:04.143858,Hyderabad,17.44524315799292,78.47974028471847,verified,business,,normal
acc_0e1032f70a,2025-08-30 14:14:45.167843,Pune,18.531323278886088,73.86465375488531,verified,individual,,normal
acc_7b2934248f,2026-06-20 05:21:28.252922,Pune,18.633799731420446,73.94124255005774,verified,individual,,normal
acc_861e84107a,2025-07-30 07:58:09.838142,Patna,25.528179189106442,85.1109915759476,verified,business,,normal
acc_82f2003954,2026-01-28 10:09:24.882854,Delhi,28.67463394414109,77.00577526893069,verified,individual,,normal
acc_4615312329,2026-03-12 10:27:08.416589,Chennai,13.058851377145674,80.23120176674921,verified,individual,,normal
acc_3d75d0d046,2026-04-14 20:02:30.003627,Delhi,28.800012032073347,77.04450799183451,verified,individual,,normal
acc_3ee6a4a479,2026-02-20 00:34:29.334738,Patna,25.724958881497315,85.0848267284313,verified,individual,,normal
acc_e8132b8a4f,2026-06-15 22:40:06.332135,Mumbai,19.031546978449178,72.86665144838099,verified,individual,,normal
acc_bccac98c29,2025-09-02 23:58:31.232744,Chennai,13.065756032827474,80.26467193853532,verified,business,,normal
acc_15ea07ee3c,2026-02-18 20:32:43.127756,Pune,18.530858103136318,73.83168526041356,verified,individual,,normal
acc_b6e794e81d,2026-01-19 02:33:48.741946,Bengaluru,12.978601321066147,77.61044488326122,verified,individual,,normal
acc_2af5529898,2025-10-20 12:46:55.725926,Chennai,13.096956498273574,80.26631772079219,verified,individual,,normal
acc_72623ec3c7,2025-12-03 15:11:32.854832,Chennai,13.100080475340384,80.23632805361736,verified,individual,,normal
acc_159300fdda,2026-06-17 07:39:09.806522,Kolkata,22.626255087976975,88.37573555068231,verified,business,,normal
acc_f09824e173,2026-07-06 17:56:31.914952,Bengaluru,13.013376508178297,77.61506938460425,verified,individual,,normal
acc_c53eceb646,2025-09-09 18:23:05.336448,Hyderabad,17.38736336929533,78.47353913577462,verified,individual,,normal
acc_3fdd17750a,2026-01-04 07:03:02.141484,Chennai,13.089572185229843,80.3369834222069,verified,individual,,normal
acc_a37861e502,2026-01-09 15:30:51.748856,Pune,18.533733062598518,73.83994709093147,verified,individual,,normal
acc_447331afe1,2025-12-01 01:39:49.221071,Pune,18.598208568205592,73.7876071439227,verified,individual,,normal
acc_6565afe5c9,2026-06-25 20:16:10.328213,Patna,25.54667213915748,85.12253440665064,verified,individual,,normal
acc_411430d86d,2026-01-30 01:54:15.873666,Patna,25.672132054297744,85.19063657157558,verified,individual,,normal
acc_44db843059,2026-03-05 16:27:29.524896,Patna,25.631396764720588,85.12424094803899,verified,individual,,normal
acc_80176384d0,2026-03-27 15:40:48.207121,Pune,18.564975852909676,73.80362326022005,verified,individual,,normal
acc_17eaf572f4,2026-04-07 15:05:49.750341,Kolkata,22.625358878084114,88.39772292742033,verified,business,,normal
acc_a53ff137bb,2026-06-29 09:39:34.902523,Mumbai,19.005187375871476,72.8746840913109,verified,individual,,normal
acc_46714a86f8,2026-06-24 20:09:02.070733,Patna,25.622817739229628,85.10611664736132,verified,individual,,normal
acc_8c9f2a5dba,2026-02-27 17:43:54.351140,Hyderabad,17.330199993271123,78.45646845597312,verified,individual,,normal
acc_7d1e5d26d6,2026-01-25 12:49:21.818539,Mumbai,19.103421687938038,72.77448876087396,verified,individual,,normal
acc_b5fa91098f,2026-02-21 20:32:10.038382,Hyderabad,17.403643706548323,78.55950223791221,verified,individual,,normal
acc_0a6cb951c3,2026-03-14 12:59:42.678763,Chennai,13.011457009033608,80.33718419135377,verified,individual,,normal
acc_0aec90b93a,2025-11-19 10:35:37.323444,Bengaluru,12.945881817048567,77.63125602207054,verified,individual,,normal
acc_b4506a7a4b,2025-11-12 15:01:43.072825,Chennai,13.094877623391069,80.2318105736604,verified,individual,,normal
acc_566bb28d02,2025-12-26 10:56:32.628960,Chennai,13.099969993889799,80.3157371282392,verified,individual,,normal
acc_9fe6461652,2026-04-27 00:10:07.421189,Mumbai,19.042505034738173,72.84066171093288,verified,individual,,normal
acc_cf475066b3,2026-04-04 19:19:01.958704,Pune,18.520914687187414,73.91656308965933,verified,individual,,normal
acc_ecf0ec2a34,2025-09-05 06:46:21.717895,Patna,25.69894923875433,85.12835848248352,verified,individual,,normal
acc_10a4ff6c5b,2026-01-01 06:47:20.525610,Bengaluru,12.950982908515458,77.59945947947492,verified,individual,,normal
acc_c78941a3bd,2025-11-08 04:25:16.950324,Patna,25.521970363192846,85.1018280950439,verified,individual,,normal
acc_bb259e8138,2026-07-12 22:44:07.025194,Delhi,28.716544782852637,77.03886189712198,verified,individual,,normal
acc_dba471900d,2026-07-13 16:22:20.293106,Pune,18.541093052780028,73.88831953271267,verified,individual,,normal
acc_1aa9224dd2,2026-06-07 10:43:28.410957,Delhi,28.710327091534175,77.136740229071,verified,business,,normal
acc_dd00c3fcb5,2025-10-02 08:42:00.057074,Mumbai,19.06790939577336,72.8865637881377,verified,individual,,normal
acc_7ab85c29d3,2025-07-25 22:15:43.872396,Mumbai,19.099476002510457,72.86572527964346,verified,business,,normal
acc_0fb2e08255,2026-05-21 12:57:48.030136,Chennai,13.024300345582219,80.20393489200708,verified,business,,normal
acc_8ad570aebb,2026-04-24 02:21:48.817330,Hyderabad,17.41875828377152,78.47386738439718,verified,individual,,normal
acc_3bbf14544a,2026-03-04 15:42:03.296847,Chennai,13.07958567861594,80.33167233736799,verified,individual,,normal
acc_315eb45f38,2025-09-30 12:42:48.607931,Chennai,13.055925209360419,80.20400916610068,verified,individual,,normal
acc_7320cf89d1,2025-08-12 08:20:33.661413,Bengaluru,13.049112154557026,77.53233957137941,verified,individual,,normal
acc_f7189630a8,2026-04-01 21:36:25.160606,Pune,18.541782751732576,73.85079519591497,verified,individual,,normal
acc_dcbeab6f0e,2026-01-02 18:56:12.025487,Delhi,28.680050439712904,77.05431295444642,verified,individual,,normal
acc_9897045c95,2025-09-13 12:30:35.171086,Bengaluru,12.963075480138,77.60940459469741,verified,individual,,normal
acc_338f68567e,2026-03-11 11:27:59.337684,Hyderabad,17.318474873115058,78.53477308182757,verified,individual,,normal
acc_91f4880f38,2025-12-14 10:22:22.832801,Delhi,28.721369239332542,77.0965929040449,verified,individual,,normal
acc_63d7fbfe12,2025-11-09 04:04:59.606552,Mumbai,19.07912527635733,72.88491579249177,verified,individual,,normal
acc_92887c8cda,2025-12-17 04:37:43.820073,Bengaluru,12.98660316993776,77.59343500684892,verified,individual,,normal
acc_18c91e7f73,2025-08-05 19:13:47.236955,Chennai,12.98932236774814,80.22036738229777,verified,individual,,normal
acc_8ed7788c64,2026-02-12 05:20:29.724722,Mumbai,19.163262664974305,72.927519521167,verified,individual,,normal
acc_6c1e5cb4f5,2025-11-13 06:08:40.464747,Hyderabad,17.372190818106304,78.49504800222591,verified,individual,,normal
acc_0d1c54a36f,2026-03-03 05:37:34.815424,Pune,18.56832124021326,73.80526134116477,verified,individual,,normal
acc_8939c1c4b0,2026-06-15 23:24:26.355438,Kolkata,22.637159212009287,88.36802253054834,verified,individual,,normal
acc_442fe256d1,2025-11-12 15:07:11.617178,Hyderabad,17.377323982830443,78.45158818032769,verified,individual,,normal
acc_352659fd01,2026-05-18 21:46:55.769002,Patna,25.621689455430182,85.16758131695106,verified,business,,normal
acc_8239725d84,2025-09-23 09:54:45.622917,Patna,25.5812059129029,85.15804889996886,verified,individual,,normal
acc_85283b67af,2026-05-24 01:47:20.979079,Bengaluru,12.956482550985648,77.50492378400342,verified,individual,,normal
acc_8e1709324b,2025-09-04 11:36:36.633488,Pune,18.56072364783656,73.82429098048267,verified,individual,,normal
acc_e2785beb2a,2025-11-11 09:23:31.432290,Hyderabad,17.49402770325439,78.50628938159745,verified,individual,,normal
acc_1c8edc8ca2,2026-03-08 12:22:16.200027,Kolkata,22.502286560675927,88.35050705573434,verified,business,,normal
acc_790212c5ce,2025-09-20 21:31:35.451509,Pune,18.535924559740362,73.88680477559045,verified,individual,,normal
acc_8e44595f37,2026-05-17 20:52:26.785604,Mumbai,19.14937553818126,72.83399957118688,verified,individual,,normal
acc_6e98870588,2025-08-21 10:01:11.627996,Pune,18.583635197840835,73.83676595892378,verified,individual,,normal
acc_632b5c3c0e,2025-09-15 11:44:01.452800,Mumbai,19.0876319289785,72.94818279376892,verified,individual,,normal
acc_c9565afae8,2025-11-04 16:20:43.779407,Mumbai,19.096375403182122,72.80717031206395,verified,individual,,normal
acc_47bfea685a,2025-08-22 20:39:45.541529,Kolkata,22.624303273006017,88.2560504367162,verified,individual,,normal
acc_1694d5d418,2026-03-18 22:07:54.248137,Chennai,13.093856121671575,80.26262672858336,verified,individual,,normal
acc_ed0c7d0372,2026-01-31 12:46:25.494346,Chennai,13.09186163246036,80.22527044856113,verified,individual,,normal
acc_2289636a85,2026-05-22 11:10:19.933779,Kolkata,22.597669073997807,88.37725216219859,verified,individual,,normal
acc_2138e4c9c3,2026-05-21 20:20:13.293828,Chennai,13.068867422597542,80.23675731620013,verified,individual,,normal
acc_530eb1df3b,2025-12-12 11:40:02.485550,Hyderabad,17.361857160370715,78.44666408498959,verified,individual,,normal
acc_84c4230f75,2025-11-21 07:03:00.055418,Patna,25.59640369633118,85.10311642894462,verified,individual,,normal
acc_8ba8a62c99,2025-11-10 04:11:55.741290,Delhi,28.67468936285294,77.12720396039775,verified,individual,,normal
acc_9152affa20,2026-03-30 13:50:42.459916,Bengaluru,12.96853782630701,77.60640341495831,verified,individual,,normal
acc_e28923954b,2026-04-20 07:24:19.577980,Pune,18.58058856306361,73.91291396329098,verified,individual,,normal
acc_67c9149b72,2026-04-27 14:41:02.596881,Kolkata,22.464044956495503,88.31181226755562,verified,individual,,normal
acc_ee39d17c5a,2026-02-05 08:26:39.827559,Bengaluru,13.061568312195856,77.54159933696265,verified,individual,,normal
acc_7b96ebd57e,2025-11-03 07:42:16.745605,Bengaluru,13.044172799481965,77.53953809402974,verified,individual,,normal
acc_a0026f8ec3,2025-08-07 12:52:05.165884,Kolkata,22.553504785927036,88.2894964347667,verified,individual,,normal
acc_c07320c0a7,2026-01-05 01:34:25.848372,Pune,18.496950071492996,73.89330366161053,verified,individual,,normal
acc_36690e1305,2026-02-06 04:32:01.573345,Mumbai,19.0499847348038,72.93510753229465,verified,individual,,normal
acc_9a133836d9,2025-08-06 02:59:26.144714,Patna,25.618475297783988,85.17196605776293,verified,individual,,normal
acc_857cad36e2,2026-04-03 04:57:35.397272,Kolkata,22.526009547221875,88.37449802304452,verified,individual,,normal
acc_2650500c7a,2026-05-04 07:25:33.473095,Bengaluru,12.935266716022191,77.53682366440268,verified,business,,normal
acc_b6b8c334bd,2025-07-25 14:20:27.832149,Kolkata,22.63796841662257,88.34405079182119,verified,individual,,normal
acc_1084be36ef,2025-12-13 11:32:57.661278,Mumbai,19.048087120084297,72.89892235555855,verified,individual,,normal
acc_d2a2b8d2bf,2025-11-24 13:13:39.818817,Hyderabad,17.338126754391332,78.37801620130948,verified,individual,,normal
acc_f70ee33ca7,2025-12-11 21:55:45.757962,Pune,18.502144627682462,73.76945504321532,verified,individual,,normal
acc_0b846f5ccf,2025-11-22 09:13:03.059072,Hyderabad,17.334847385499017,78.51280635776921,verified,individual,,normal
acc_d67954c78e,2025-11-06 05:00:17.012646,Kolkata,22.604095348274544,88.45636328747504,verified,individual,,normal
acc_afb96deabb,2025-12-10 06:59:04.818097,Hyderabad,17.41271426878237,78.40874181957174,verified,individual,,normal
acc_c91ee29e2d,2025-11-30 17:01:28.223244,Mumbai,19.159235360943967,72.86985438136014,verified,business,,normal
acc_9c8f2edd60,2026-03-06 06:16:59.006602,Delhi,28.718487399269875,77.06335372757367,verified,individual,,normal
acc_a57f4a9de8,2026-04-16 22:43:32.864946,Mumbai,19.0614147880952,72.80148546625362,verified,individual,,normal
acc_f950270621,2025-11-16 11:55:12.230408,Kolkata,22.56892487523941,88.2870688190984,verified,individual,,normal
acc_b5f3dd8804,2026-02-18 17:08:44.326591,Delhi,28.68055411278515,76.98697097559368,verified,individual,,normal
acc_3efd3d7d34,2025-09-17 04:21:43.653567,Bengaluru,12.912283323826205,77.63224900433849,verified,individual,,normal
acc_6fa4d3d506,2026-05-01 03:37:19.567936,Delhi,28.72144698736026,77.12142741435699,verified,individual,,normal
acc_9d6b0af2d9,2026-03-20 11:34:13.813901,Pune,18.548556991047214,73.91308400939484,verified,individual,,normal
acc_e7ba72a343,2025-09-27 17:43:40.868416,Patna,25.571539415791175,85.11798705076829,verified,individual,,normal
acc_c0a5d01fba,2026-01-22 00:28:37.876213,Delhi,28.6834315093176,77.08336604829762,verified,individual,,normal
acc_be44325049,2025-08-29 13:34:58.327640,Bengaluru,13.014485299690987,77.49316859051265,verified,business,,normal
acc_84972e2511,2026-01-23 05:04:05.040158,Bengaluru,12.92819286286627,77.55337675153847,verified,individual,,normal
acc_09d24b8546,2025-12-07 11:58:38.281707,Mumbai,19.064961231928347,72.83126694953734,verified,business,,normal
acc_76626a80cc,2025-12-10 21:57:05.837607,Kolkata,22.531583113336872,88.38905986303037,verified,individual,,normal
acc_453c737a93,2026-05-26 06:45:14.699060,Pune,18.519785279648858,73.88830647063467,verified,business,,normal
acc_caee8e4496,2025-12-24 02:54:22.361932,Bengaluru,12.916830138553868,77.52417306541132,verified,individual,,normal
acc_af0138a319,2025-11-15 11:37:06.805362,Hyderabad,17.338951338664536,78.48236761545391,verified,individual,,normal
acc_027894dc96,2025-11-18 09:52:06.680307,Kolkata,22.531028538653366,88.42971886787029,verified,individual,,normal
acc_e56a539e01,2026-04-02 14:28:28.251856,Patna,25.54274140003936,85.0871704560689,verified,individual,,normal
acc_06f214e88b,2025-07-27 06:53:36.028017,Hyderabad,17.37654635175998,78.49922899668715,verified,individual,,normal
acc_8f81fb637a,2026-03-01 03:40:18.919463,Bengaluru,13.007951724411914,77.52163279304541,verified,individual,,normal
acc_d62b9ab9d9,2025-07-25 16:23:48.003393,Bengaluru,12.925625990112012,77.51082363033578,verified,individual,,normal
acc_eb51a9e031,2026-04-24 09:25:35.568885,Hyderabad,17.46597272623578,78.50995664739196,verified,individual,,normal
acc_43cfa2c845,2026-02-23 05:10:34.863312,Delhi,28.690619607933098,77.05677622046267,verified,individual,,normal
acc_e9cff569e6,2025-11-14 00:45:37.742035,Delhi,28.75527336412412,77.06102025235094,verified,individual,,normal
acc_5806914f91,2025-11-13 18:15:20.177199,Bengaluru,13.027891228245215,77.62322032175051,verified,business,,normal
acc_649bdc3934,2025-07-30 18:10:15.381858,Hyderabad,17.40035096432442,78.40635715631917,verified,individual,,normal
acc_a9262f02e0,2025-11-13 14:08:42.064899,Pune,18.59615750537391,73.93458267301287,verified,individual,,normal
acc_74b359b60e,2025-09-13 00:28:58.784164,Pune,18.58123896941228,73.85724293606314,verified,individual,,normal
acc_5758462f6c,2025-07-25 10:08:41.252381,Bengaluru,12.974320086865966,77.53592197671917,verified,business,,normal
acc_eea3bd7deb,2025-09-07 01:16:22.769104,Mumbai,19.15697122372273,72.91797987966277,verified,individual,,normal
acc_3f02fa2a9d,2025-10-28 23:33:17.537715,Bengaluru,12.962459730414615,77.54584201813566,verified,business,,normal
acc_e2f9ca0a06,2026-03-16 14:03:04.743166,Kolkata,22.51627948022869,88.3869280096643,verified,individual,,normal
acc_fe5ca08116,2026-05-30 05:31:48.007705,Mumbai,19.120851413779278,72.92541278103137,verified,individual,,normal
acc_777dd66d4d,2025-12-11 15:20:18.889817,Bengaluru,12.933534895136525,77.5457847375064,verified,individual,,normal
acc_4b7a517d1a,2026-07-08 02:42:48.554855,Hyderabad,17.434548632898295,78.48074375421031,verified,individual,,normal
acc_ef9bcb490c,2026-05-02 14:09:47.879152,Pune,18.53018518895543,73.84759715110859,verified,individual,,normal
acc_974845031a,2025-12-11 05:27:42.066524,Patna,25.565808734967327,85.1516294069506,verified,individual,,normal
acc_02807fa336,2025-09-25 08:19:25.718599,Patna,25.606406487515862,85.08627436932021,verified,individual,,normal
acc_916cfc7254,2026-01-06 18:42:12.842098,Kolkata,22.586932859805163,88.31155407600296,verified,individual,,normal
acc_bae1b551f4,2026-01-23 13:00:21.700646,Chennai,13.084011258854806,80.27209267018166,verified,individual,,normal
acc_6b9d9cb1b6,2025-08-30 03:19:14.249196,Pune,18.538234859208593,73.9270350541353,verified,individual,,normal
acc_36f93f914c,2025-08-28 10:49:41.899474,Pune,18.486485949674385,73.81641414206858,verified,individual,,normal
acc_988334d3ea,2025-12-04 21:16:21.635869,Patna,25.57896760247567,85.22341352315607,verified,individual,,normal
acc_33d2fdeb5e,2025-11-14 07:00:31.690329,Pune,18.516197358123716,73.86260350567775,verified,individual,,normal
acc_fe250abafd,2026-06-21 01:26:57.367344,Hyderabad,17.353141237389575,78.53034855271513,verified,individual,,normal
acc_a2750c0162,2025-12-10 21:47:29.370096,Hyderabad,17.42592798918433,78.4881002517014,verified,individual,,normal
acc_9fd723395e,2026-06-27 23:44:03.475001,Delhi,28.72324260799262,77.01524923726552,verified,individual,,normal
acc_71e884d2f3,2026-06-01 18:25:37.784425,Mumbai,19.011031570470298,72.87506886288925,verified,individual,,normal
acc_68325b0ed4,2026-01-06 06:54:35.220321,Patna,25.53364165917248,85.11926920050574,verified,individual,,normal
acc_6be0adfb1d,2026-06-29 13:30:41.766679,Mumbai,19.088561454263388,72.83229941668363,verified,individual,,normal
acc_394208ab24,2025-11-05 15:28:26.581350,Pune,18.432175160342474,73.85614507689507,verified,individual,,normal
acc_cd837b965d,2026-07-08 12:31:28.352267,Patna,25.592839528985127,85.14776035313109,verified,individual,,normal
acc_9a923b7082,2025-11-09 02:03:17.300073,Delhi,28.65485117757264,77.11551426428689,verified,individual,,normal
acc_086c5ceb74,2026-02-27 22:45:45.524659,Kolkata,22.459910817830647,88.28714356474728,verified,individual,,normal
acc_50795c8997,2026-05-22 10:28:13.815882,Hyderabad,17.386737888422566,78.47265737248547,verified,individual,,normal
acc_794df72b77,2025-12-02 19:04:20.884772,Mumbai,19.037156848672275,72.89927097020363,verified,individual,,normal
acc_08e595ac1b,2026-06-23 05:54:39.813871,Bengaluru,12.964958446400082,77.66614396879051,verified,individual,,normal
acc_cfcb36add0,2025-10-25 21:52:45.087633,Chennai,13.072545430214952,80.21317673671305,verified,individual,,normal
acc_c1b13f8cde,2025-10-19 01:36:23.220568,Hyderabad,17.40288438288358,78.51172622020947,verified,individual,,normal
acc_f3ea5ecb91,2026-01-28 10:50:43.293596,Mumbai,19.128139989100053,72.94239827732268,verified,individual,,normal
acc_8d3e809690,2026-06-04 05:39:53.350990,Delhi,28.689779885196916,77.06344570917463,verified,individual,,normal
acc_5059eca659,2026-01-28 01:25:59.073150,Mumbai,19.06851541252479,72.96248265226144,verified,individual,,normal
acc_248d039f43,2026-06-27 01:10:03.284419,Chennai,13.086110508466525,80.27097102164127,verified,individual,,normal
acc_328f5a190f,2026-02-05 19:37:44.484169,Patna,25.66830693682898,85.15154685053645,verified,individual,,normal
acc_2b892888b5,2026-06-14 11:32:54.358803,Mumbai,19.118355381301065,72.9167075963251,verified,individual,,normal
acc_12fe2e2392,2025-12-13 03:50:40.594163,Delhi,28.726206608513234,77.15656784947114,verified,individual,,normal
acc_a3aec1a6c0,2026-04-13 06:33:24.015141,Pune,18.388391244330954,73.87394710524258,verified,individual,,normal
acc_41025522c2,2025-11-22 04:37:04.130732,Mumbai,19.096349936979323,72.89921033050751,verified,business,,normal
acc_6994aa918b,2026-04-16 13:08:41.071294,Kolkata,22.55079684092015,88.46493244650463,verified,individual,,normal
acc_607d0ca80d,2025-12-26 11:40:17.100774,Delhi,28.77693218011255,77.10840212235107,verified,individual,,normal
acc_1bf643b6ed,2025-08-15 00:46:39.603800,Chennai,13.021225150801731,80.2591760328225,verified,individual,,normal
acc_5c897df389,2026-03-05 11:02:58.441263,Bengaluru,12.973159093431768,77.5818614527411,verified,individual,,normal
acc_41388413c4,2026-01-03 16:34:01.721711,Mumbai,19.030967917627507,72.83078163817022,verified,individual,,normal
acc_a803f49805,2026-06-26 06:31:13.894321,Kolkata,22.50877828411726,88.38389156348573,verified,individual,,normal
acc_ba95ec2ba9,2025-08-07 06:57:42.711437,Hyderabad,17.418134373532812,78.50356425458136,verified,individual,,normal
acc_4c7956ae62,2026-03-15 07:09:48.687069,Mumbai,19.090911718693523,72.86406847930314,verified,individual,,normal
acc_934e48aff6,2025-12-14 02:45:16.340740,Delhi,28.784927479936954,77.16172557979758,verified,individual,,normal
acc_ef0575ea9e,2026-06-11 00:22:31.818968,Kolkata,22.607141570801094,88.36935846618466,verified,individual,,normal
acc_32a3e99250,2025-12-27 05:13:36.919740,Mumbai,19.043149237100288,72.85903004207947,verified,individual,,normal
acc_a0c8752a01,2026-03-13 17:00:40.070458,Pune,18.535724773732806,73.88688374964875,verified,individual,,normal
acc_fd7e97521d,2026-04-26 05:51:00.432270,Delhi,28.648477788877862,77.16746868428767,verified,individual,,normal
acc_4493bfe807,2025-09-07 22:10:15.907672,Bengaluru,12.924525959027644,77.54860697474422,verified,individual,,normal
acc_a269d8bc05,2026-06-12 03:59:06.989202,Chennai,13.110614502949662,80.28600970095464,verified,individual,,normal
acc_3f2472bfba,2026-06-27 06:53:57.953389,Mumbai,19.103753813873976,72.78274714676678,verified,individual,,normal
acc_60afbfadb9,2026-07-05 12:36:49.999296,Pune,18.52019130755746,73.90379604841395,verified,individual,,normal
acc_47b26edae8,2025-12-13 00:31:24.675845,Delhi,28.68156121272987,77.12435410416873,verified,individual,,normal
acc_eee701d9ad,2026-05-23 03:56:48.785188,Kolkata,22.547475164595074,88.40019183059651,verified,individual,,normal
acc_c25e39c059,2026-03-05 10:21:55.083523,Hyderabad,17.42886910487466,78.51816695249421,verified,individual,,normal
acc_fbed44a3b1,2026-05-19 09:06:39.552091,Chennai,13.05848096500437,80.29514119204018,verified,individual,,normal
acc_0455cd4cc7,2026-04-20 17:16:03.300678,Mumbai,19.02006506626674,72.86850772142168,verified,individual,,normal
acc_704285f71d,2025-11-03 17:00:27.214531,Pune,18.58670696245451,73.86344965828772,verified,individual,,normal
acc_8846bc188c,2025-10-09 16:39:29.904949,Patna,25.614132739558343,85.13067724755126,verified,individual,,normal
acc_9170260bb0,2025-11-20 07:49:38.394733,Delhi,28.67507445404446,77.0997859528648,verified,individual,,normal
acc_a3e09df262,2026-04-24 21:20:30.761087,Chennai,13.14779576382552,80.26721548739546,verified,business,,normal
acc_c240eb08cc,2025-09-16 15:46:11.004821,Bengaluru,12.899852510823354,77.55347936996762,verified,individual,,normal
acc_c0e7d77549,2026-07-07 04:35:46.175789,Patna,25.720641029785114,85.11117724842023,verified,business,,normal
acc_dce4fd31a8,2026-06-03 02:54:50.353179,Kolkata,22.592086236564242,88.3666890307964,verified,individual,,normal
acc_c5705bf77f,2025-09-24 14:33:22.887608,Mumbai,19.01302208739645,72.80816733321973,verified,individual,,normal
acc_0820be09a4,2026-03-12 16:53:27.531910,Hyderabad,17.38538313633888,78.52250775914034,verified,individual,,normal
acc_8f8c4798cc,2026-04-08 09:13:29.665969,Hyderabad,17.44023842142563,78.55783448211629,verified,individual,,normal
acc_b7671a7dd7,2025-08-11 06:05:28.308570,Delhi,28.755005374612818,77.13016212509517,verified,individual,,normal
acc_0634499d55,2026-05-15 09:39:46.949049,Delhi,28.654670375020405,77.13406410616486,verified,individual,,normal
acc_65537d5df4,2026-05-04 11:50:16.714824,Kolkata,22.610447755076315,88.43089992295883,verified,individual,,normal
acc_e89a471a9b,2026-06-01 01:39:57.609700,Patna,25.583269495627462,85.14219600438021,verified,business,,normal
acc_6bd1a3e7d5,2025-08-11 17:54:59.414144,Delhi,28.71995740863977,77.05796724552097,verified,business,,normal
acc_181ce95346,2025-08-05 08:49:21.879786,Mumbai,19.042224624401598,72.86707705575789,verified,individual,,normal
acc_75513dd12c,2026-05-25 14:01:27.462889,Pune,18.515965495391537,73.84571368873075,verified,individual,,normal
acc_79b9a36a20,2025-08-25 22:16:54.406764,Chennai,13.07084984574521,80.23980573530736,verified,individual,,normal
acc_77b0041035,2026-01-18 23:36:06.153875,Hyderabad,17.38777948802029,78.48837692956855,verified,individual,,normal
acc_bd68e20b29,2025-10-09 19:29:31.647833,Pune,18.59782319833558,73.75221303032653,verified,individual,,normal
acc_d003ff6022,2025-09-24 14:00:08.747959,Pune,18.551485784899278,73.87801023414538,verified,individual,,normal
acc_fa15ce22fe,2026-07-10 14:06:34.764161,Chennai,13.129105198340214,80.27899089330053,verified,individual,,normal
acc_856be57f57,2026-05-30 15:43:02.553387,Kolkata,22.604033190945948,88.36888257308912,verified,individual,,normal
acc_eafc6771e3,2025-10-10 09:11:53.839320,Pune,18.410000354570265,73.79284035269552,verified,individual,,normal
acc_52f7a52f78,2026-02-04 13:44:33.747138,Kolkata,22.504702448298513,88.31952351205807,verified,individual,,normal
acc_082eaa9893,2025-08-10 13:23:30.654543,Delhi,28.785259547195817,77.08395272893313,verified,individual,,normal
acc_ab5cd91846,2026-04-19 01:23:45.296174,Delhi,28.698835126738356,77.05755171246649,verified,individual,,normal
acc_a6bf71e48e,2025-10-28 02:20:11.068578,Patna,25.559776826202242,85.14429491420283,verified,individual,,normal
acc_e5620b7434,2025-08-16 10:59:41.557320,Mumbai,19.114499357213315,72.841654428081,verified,business,,normal
acc_cb0c59c0ee,2026-03-10 10:23:50.289746,Delhi,28.6421005631046,77.088256860154,verified,individual,,normal
acc_181f157aea,2026-06-21 02:49:02.501542,Chennai,13.151699049126174,80.31608336806246,verified,business,,normal
acc_2dfb82b8d7,2025-10-01 09:32:42.221899,Kolkata,22.65970781464812,88.45221011715239,verified,individual,,normal
acc_1b0ce44c08,2025-12-21 01:41:38.299193,Bengaluru,12.923929682394702,77.53502607507696,verified,individual,,normal
acc_c168c3cbaa,2025-11-14 17:47:03.028737,Mumbai,19.07138753573824,72.84839533241417,verified,individual,,normal
acc_46060d69d3,2026-02-25 17:19:57.985507,Mumbai,19.178776255733155,72.89110139960296,verified,individual,,normal
acc_a1fd28a81e,2025-08-28 10:33:38.185727,Bengaluru,12.963223573099729,77.5624579287671,verified,business,,normal
acc_53fced8264,2026-05-22 14:17:50.455557,Bengaluru,12.87025838838056,77.54075500115775,verified,individual,,normal
acc_345973d376,2026-07-12 19:41:23.431715,Bengaluru,13.029733502807261,77.61311272868923,verified,business,,normal
acc_f4ceccae61,2026-02-13 18:51:19.319038,Mumbai,19.108824965498844,72.85172489674623,verified,individual,,normal
acc_9e10150b11,2026-01-17 00:24:32.181790,Patna,25.569345377426576,85.0870248453932,verified,individual,,normal
acc_c178b2452d,2026-02-16 14:05:34.900433,Delhi,28.7079966460325,77.11723017426979,verified,individual,,normal
acc_3f5fd645d5,2025-08-29 15:58:30.871171,Kolkata,22.598299866492727,88.39174642858853,verified,individual,,normal
acc_81da574aa4,2025-12-24 04:32:30.881099,Bengaluru,13.047437216645857,77.57068213943442,verified,individual,,normal
acc_f83c84a89e,2025-12-09 23:30:41.996165,Hyderabad,17.36643471268212,78.40527221352365,verified,individual,,normal
acc_7ecd4731cf,2026-03-14 20:34:44.585898,Delhi,28.772423993564832,77.06660310859024,verified,individual,,normal
acc_736a3393ba,2025-12-05 09:36:37.980032,Patna,25.565789877020865,85.17248714882277,verified,business,,normal
acc_ee8d7fbe60,2025-10-08 03:52:19.366365,Delhi,28.749115150111464,77.10688799157468,verified,individual,,normal
acc_7249a9d54f,2026-05-13 12:14:59.258365,Mumbai,19.07376761993011,72.87249734777933,verified,individual,,normal
acc_1f29b1e11d,2026-06-24 15:49:46.097424,Mumbai,19.10273669796872,72.94693268711342,verified,individual,,normal
acc_116ef90c7f,2025-07-25 15:21:07.798123,Hyderabad,17.401804158488027,78.45860987886225,verified,business,,normal
acc_c38b2ee611,2026-04-13 22:16:43.930613,Kolkata,22.588982799565,88.3540788681034,verified,individual,,normal
acc_3f6918f70c,2025-07-25 22:37:51.194176,Pune,18.42967465788895,73.89254858807297,verified,individual,,normal
acc_f1a3767953,2026-02-09 14:27:49.674865,Kolkata,22.571553436448184,88.4541481716397,verified,individual,,normal
acc_8378af63b8,2026-01-16 06:57:03.167173,Delhi,28.68432279684212,77.084726448114,verified,individual,,normal
acc_da868dc57f,2025-09-28 14:25:52.227689,Mumbai,19.005026156433757,72.84790644629248,verified,individual,,normal
acc_3c0838c1b8,2026-05-07 21:24:14.137503,Kolkata,22.575009082289277,88.27000801103655,verified,individual,,normal
acc_0ca51b0776,2025-12-21 20:49:27.717151,Mumbai,18.96425637342412,72.832816278108,verified,individual,,normal
acc_086f18e32b,2026-05-02 03:16:29.127784,Hyderabad,17.369345792243536,78.43354681178076,verified,individual,,normal
acc_c2bdce14c8,2025-08-01 12:13:38.744753,Bengaluru,12.997071190052662,77.67731287566352,verified,individual,,normal
acc_2579d8d92a,2025-09-20 00:05:50.226984,Delhi,28.637205609048316,77.1561222325808,verified,individual,,normal
acc_0f98a9d017,2026-01-03 21:54:56.592043,Bengaluru,12.901199804263971,77.60490495625805,verified,individual,,normal
acc_25377b3442,2025-09-28 21:48:03.821993,Patna,25.522528037649607,85.13202300475993,verified,individual,,normal
acc_6ca3a4099e,2026-05-07 04:25:15.648087,Mumbai,19.1154839461298,72.88986646099988,verified,individual,,normal
acc_576bba87e6,2026-05-29 08:24:19.508527,Bengaluru,12.992705981013794,77.62423459506456,verified,individual,,normal
acc_8284dd3a25,2026-01-29 18:47:54.243545,Delhi,28.72337010802915,77.1222743706932,verified,individual,,normal
acc_f9e2ebe465,2026-03-31 13:23:25.695324,Patna,25.698147046040095,85.15232267884632,verified,individual,,normal
acc_f20d22e4dd,2026-05-17 07:17:36.013459,Hyderabad,17.37360894385956,78.51202760684299,verified,business,,normal
acc_130ba1e2ec,2025-09-17 07:03:19.284132,Kolkata,22.605116448098077,88.45006913548342,verified,individual,,normal
acc_3775230256,2025-12-28 23:32:12.434482,Bengaluru,12.953116217416888,77.58316023972758,verified,business,,normal
acc_73df9efffd,2025-09-29 05:22:37.016590,Kolkata,22.494527517873472,88.40272883109965,verified,individual,,normal
acc_2152ec4e14,2026-04-01 06:49:47.929081,Mumbai,19.13584824625448,72.93380968289063,verified,individual,,normal
acc_c86a3c8258,2026-06-23 21:37:03.478394,Kolkata,22.609947795993968,88.38213671565927,verified,individual,,normal
acc_7181960011,2026-06-08 02:48:42.588903,Kolkata,22.5976484357578,88.37188474625896,verified,individual,,normal
acc_f2bc754c9a,2026-01-02 00:33:39.129565,Chennai,13.13792675269868,80.14155338046024,verified,individual,,normal
acc_23e7f5d259,2025-08-20 11:45:19.607108,Delhi,28.708342480100555,77.15875035010859,verified,individual,,normal
acc_c46d72161e,2026-02-26 08:07:22.775594,Delhi,28.66284669021187,77.07223369262705,verified,business,,normal
acc_c14649eb01,2025-10-09 15:21:36.024523,Delhi,28.619810895672927,77.18638817844122,verified,individual,,normal
acc_8c81fbd953,2025-10-15 21:47:27.274084,Mumbai,19.101925518468466,72.81419462031766,verified,business,,normal
acc_3bda81577c,2026-02-10 20:12:50.289393,Delhi,28.68195335067723,77.07634453140787,verified,individual,,normal
acc_33a9863264,2025-10-03 15:54:32.341368,Mumbai,19.105358024387524,72.87730384281598,verified,individual,,normal
acc_d1ea70c9ec,2025-11-24 12:06:52.594006,Chennai,13.012072503764394,80.32749897853888,verified,business,,normal
acc_f89942cb21,2026-06-24 17:18:35.688760,Hyderabad,17.485417730205224,78.53154190463718,verified,individual,,normal
acc_fea2afb16d,2025-11-14 20:39:16.896540,Delhi,28.69466716995317,77.12009146830269,verified,individual,,normal
acc_be40f82139,2025-10-13 04:03:37.924852,Chennai,13.041643980939762,80.3078363541615,verified,individual,,normal
acc_19422c6bf0,2025-08-31 02:18:04.792799,Kolkata,22.560396030173074,88.32205364112025,verified,individual,,normal
acc_d61b2b05a0,2025-12-26 00:24:25.233001,Mumbai,19.08667336088045,72.8739410458006,verified,individual,,normal
acc_1dc9486ed9,2025-08-16 17:21:19.548203,Bengaluru,13.022088317630773,77.56466189188905,verified,individual,,normal
acc_97690c0984,2025-08-11 01:06:03.944884,Patna,25.658906553259424,85.13111226756511,verified,individual,,normal
acc_5784d38bb6,2025-08-14 10:01:06.867309,Bengaluru,12.957790737779863,77.56787837005089,verified,individual,,normal
acc_660ddff2a4,2025-12-23 00:00:26.053544,Patna,25.589360174132846,85.11979620968454,verified,individual,,normal
acc_8b97f419b0,2026-03-16 04:45:07.718400,Mumbai,19.08008750287172,72.9581197474876,verified,individual,,normal
acc_fec437b53c,2025-12-21 21:41:47.973193,Chennai,13.050059862544247,80.23224237736093,verified,individual,,normal
acc_35596cc1c4,2025-10-08 12:01:06.989679,Delhi,28.64615435427551,77.0412271006176,verified,individual,,normal
acc_4fc375cfaf,2026-03-03 12:32:55.871957,Hyderabad,17.389931772948067,78.53737765413099,verified,individual,,normal
acc_08c6941491,2026-06-28 09:31:03.140878,Mumbai,19.068666711863397,72.97211435811826,verified,individual,,normal
acc_3a618e4605,2026-01-27 22:24:51.610694,Kolkata,22.64944021083534,88.38416929465525,verified,individual,,normal
acc_7b4932580b,2025-11-27 23:27:21.674165,Pune,18.555427456318853,73.82023665230213,verified,individual,,normal
acc_2f9fe9f6ab,2025-11-10 10:59:56.031642,Chennai,13.097491350127548,80.27875139474263,verified,individual,,normal
acc_f8b700ebe6,2026-01-10 19:10:07.777279,Pune,18.472125165456678,73.84077140803542,verified,individual,,normal
acc_bf03ed1cf6,2025-12-30 03:00:36.700609,Hyderabad,17.333194347110254,78.51877103707167,verified,individual,,normal
acc_a7b6a56b36,2026-01-05 22:58:05.793353,Delhi,28.763791294093462,77.11737792547824,verified,individual,,normal
acc_9ab873314b,2025-11-12 09:58:28.194208,Mumbai,18.98108142579596,72.87575704551168,verified,individual,,normal
acc_3e0e1c0ccc,2025-12-02 02:12:16.589610,Delhi,28.728790467551452,77.14284257852768,verified,individual,,normal
acc_64eb2bb8f9,2026-01-16 18:22:45.788741,Mumbai,19.085472580679557,72.84549835306768,verified,individual,,normal
acc_c6f6819ad2,2026-06-04 20:55:15.797711,Bengaluru,12.914482255998019,77.47074071983646,verified,individual,,normal
acc_971335a3ec,2025-08-21 19:25:55.501002,Chennai,13.063580058117934,80.31929815491125,verified,business,,normal
acc_54cd20045b,2026-02-10 16:47:08.998809,Hyderabad,17.412805476598752,78.51171622650939,verified,individual,,normal
acc_a575f21725,2025-10-11 22:30:49.374789,Patna,25.54163026592518,85.22808447685519,verified,individual,,normal
acc_b2b9cc7b57,2026-06-04 21:56:22.344923,Bengaluru,12.929696185258106,77.66290489399664,verified,individual,,normal
acc_970dc17294,2026-02-24 05:40:15.141367,Chennai,13.093373666158525,80.26597215513513,verified,individual,,normal
acc_f9d9e6a5bf,2025-09-22 06:41:44.795556,Patna,25.55791801387605,85.16242845624782,verified,individual,,normal
acc_fa58a069a8,2025-12-14 00:32:03.352146,Delhi,28.671471958585215,77.07629633562152,verified,individual,,normal
acc_fc2702a7cd,2026-05-08 06:08:22.116731,Bengaluru,12.938779707871193,77.62935375043972,verified,individual,,normal
acc_2f44e5621f,2026-03-21 14:04:38.622547,Pune,18.502740549735552,73.8630028969387,verified,individual,,normal
acc_fb42bdaa40,2025-10-25 22:22:17.751177,Patna,25.56550481243372,85.08519127027964,verified,individual,,normal
acc_0a97e7f100,2026-04-25 09:44:24.203198,Mumbai,19.00450908554963,72.87883192392866,verified,individual,,normal
acc_1daa15832e,2025-07-25 12:41:06.751279,Hyderabad,17.319522554958038,78.42983561716859,verified,individual,,normal
acc_b55fddbf32,2025-10-05 20:08:36.916786,Patna,25.494361830133197,85.15317326936044,verified,individual,,normal
acc_9b3b1da4dd,2026-04-15 05:05:08.956920,Pune,18.48873022158118,73.85132314417672,verified,individual,,normal
acc_8f101b76f3,2025-12-16 13:36:56.392257,Chennai,13.125166927983122,80.22633085911151,verified,individual,,normal
acc_748d50fabe,2026-07-07 23:03:02.525349,Pune,18.51256947296871,73.82383616242633,verified,individual,,normal
acc_24994cc8df,2025-10-19 06:51:36.004619,Chennai,13.097152686771379,80.28144778337516,verified,individual,,normal
acc_0847400d88,2025-10-03 04:47:32.120375,Bengaluru,13.02262206398737,77.65156125267288,verified,individual,,normal
acc_a9c434d887,2026-05-02 14:26:06.049581,Chennai,13.143876625939967,80.29358644618014,verified,individual,,normal
acc_5524f489b6,2025-10-22 10:17:07.954803,Hyderabad,17.397982840679745,78.47533179617187,verified,individual,,normal
acc_fbd0c12381,2025-10-11 18:21:15.563271,Chennai,13.052156237455248,80.29466979161629,verified,individual,,normal
acc_3b21860538,2026-03-07 22:24:46.439404,Pune,18.486157203215363,73.88270912511348,verified,individual,,normal
acc_3e9da3d8f6,2026-05-22 02:29:43.666240,Patna,25.647050746689587,85.14626761791749,verified,individual,,normal
acc_1dd78348e1,2025-11-09 13:25:04.615869,Bengaluru,12.988494691526682,77.64315150251105,verified,individual,,normal
acc_72fe7c41be,2026-04-27 04:44:34.009808,Mumbai,19.08257379703355,72.87693252750732,verified,individual,,normal
acc_4529e92315,2026-01-27 05:56:20.429586,Bengaluru,13.01546572395123,77.59497305900712,verified,individual,,normal
acc_9f2b67cd7a,2025-09-03 20:01:48.128584,Pune,18.543059849926884,73.74795640310671,verified,individual,,normal
acc_444d5b9d67,2025-12-11 06:16:03.561269,Delhi,28.6987320343546,77.15518189852676,verified,individual,,normal
acc_ae8cf61a09,2026-04-11 11:10:40.133352,Hyderabad,17.362180058740037,78.54403706165562,verified,individual,,normal
acc_1ec8adbb8f,2026-06-30 00:32:09.432808,Delhi,28.633506437361017,77.1199988378762,verified,individual,,normal
acc_bc1e0f03cb,2025-11-25 23:28:18.280266,Hyderabad,17.390793765427535,78.59422035133215,verified,individual,,normal
acc_3518c543b6,2025-12-17 09:26:03.371324,Pune,18.574066200013124,73.82533909677568,verified,individual,,normal
acc_0bf65f8504,2025-12-06 21:18:45.168796,Patna,25.606800714747486,85.10612790828898,verified,individual,,normal
acc_b7b70d5764,2025-11-20 14:01:03.912454,Patna,25.614371201505488,85.12735588231334,verified,individual,,normal
acc_938c09c022,2025-08-01 16:19:16.191533,Kolkata,22.589020046756435,88.33119661722068,verified,individual,,normal
acc_3feba74f40,2025-08-12 14:23:19.792147,Kolkata,22.54837426367761,88.41923427082344,verified,individual,,normal
acc_e28cd823a5,2025-12-11 17:38:12.211110,Pune,18.49615152239362,73.86786880904738,verified,individual,,normal
acc_4743150457,2026-04-14 20:29:57.050642,Chennai,13.011865394144035,80.20845004363227,verified,individual,,normal
acc_010ca7ca27,2026-04-26 15:22:47.709326,Bengaluru,12.915336037356845,77.61307801872431,verified,individual,,normal
acc_9ac6e59293,2026-04-02 01:20:37.745035,Chennai,13.09187266570765,80.2198913052475,verified,individual,,normal
acc_5cecf62cbe,2026-01-09 00:39:36.560485,Mumbai,18.97125354167233,72.88836784309856,verified,individual,,normal
acc_5830ae2627,2026-05-08 04:07:48.730037,Bengaluru,13.017767643834478,77.58721470720599,verified,individual,,normal
acc_33926c446d,2026-07-04 04:23:24.116619,Pune,18.5492734558286,73.85160232388608,verified,individual,,normal
acc_4f51946809,2025-10-07 04:17:55.797839,Pune,18.49659702112092,73.88401041243733,verified,business,,normal
acc_d9a13aa019,2026-07-10 09:17:33.178652,Kolkata,22.509641163823495,88.33404858520922,verified,business,,normal
acc_084d10c10b,2026-04-24 22:02:04.498551,Bengaluru,12.929233774076522,77.5707589051036,verified,individual,,normal
acc_e292f81b74,2026-01-25 08:30:20.849525,Mumbai,19.071906714881713,72.87631114801422,verified,individual,,normal
acc_0f3683a1a1,2025-09-22 05:57:51.031583,Patna,25.63529928171112,85.07596331993014,verified,individual,,normal
acc_b5ec9e77dd,2025-10-19 10:55:15.959975,Patna,25.599115785108022,85.12009400085286,verified,individual,,normal
acc_ec825770c5,2025-08-20 14:23:04.423925,Pune,18.550635496018632,73.82180577224045,verified,individual,,normal
acc_146de6ad12,2026-03-25 13:26:25.349638,Delhi,28.68194921532747,77.142718730465,verified,individual,,normal
acc_4f9f16a16a,2026-02-05 18:30:47.485401,Bengaluru,12.946120777101125,77.64411313313279,verified,individual,,normal
acc_3baeeff994,2025-09-09 22:52:47.386896,Delhi,28.80624613531078,77.05607130486791,verified,individual,,normal
acc_d44bc33e55,2025-12-29 15:04:00.974527,Hyderabad,17.35661790494344,78.43908041107485,verified,individual,,normal
acc_b60681651e,2025-12-27 13:00:05.842509,Pune,18.465592864036648,73.894633646808,verified,individual,,normal
acc_5afd724ca0,2026-04-19 22:47:33.927983,Chennai,13.068691490994404,80.25036736707368,verified,individual,,normal
acc_e8b21857bf,2026-06-18 10:18:34.493662,Mumbai,19.15285098009584,72.92812795859473,verified,individual,,normal
acc_55cd36e3b3,2025-08-18 12:09:53.490034,Kolkata,22.522085088017242,88.42977185871501,verified,individual,,normal
acc_2242b18406,2026-01-15 04:40:33.835143,Hyderabad,17.275253348502375,78.44240198294328,verified,individual,,normal
acc_a2bcf4ea43,2025-10-09 00:07:31.318699,Kolkata,22.500887702601737,88.37748343724382,verified,business,,normal
acc_989e8e7527,2026-04-23 01:56:48.453579,Kolkata,22.572243940748955,88.37623524316705,verified,individual,,normal
acc_448f9ca56b,2026-06-23 01:58:11.806303,Pune,18.505656512150672,73.85003007186722,verified,individual,,normal
acc_fd98ba6a71,2026-03-08 18:06:08.989979,Bengaluru,12.96981142872311,77.61453038761125,verified,individual,,normal
acc_a34977fea0,2026-01-17 13:47:10.363739,Delhi,28.617572255590307,77.12398806879399,verified,individual,,normal
acc_4b7e673a31,2025-10-11 12:01:01.455098,Chennai,13.125976320161914,80.18273533648431,verified,individual,,normal
acc_1c574a5357,2026-07-11 16:48:42.829929,Delhi,28.71176562807171,77.08168346508234,verified,individual,,normal
acc_ae04982a99,2026-05-25 06:56:56.516416,Delhi,28.72590100423205,77.09075097034214,verified,individual,,normal
acc_54a92a5c3d,2025-11-08 15:16:54.094536,Delhi,28.733134162701983,77.06287646723571,verified,individual,,normal
acc_6caf80e148,2026-06-10 16:01:48.099790,Mumbai,19.14621694809906,72.83823558899874,verified,individual,,normal
acc_a92019d211,2026-02-08 01:49:23.632566,Kolkata,22.52226992783553,88.38257640923544,verified,individual,,normal
acc_05734dd891,2026-04-15 22:57:49.753182,Delhi,28.713991212936033,77.09084658100515,verified,individual,,normal
acc_6ca492ada4,2026-05-21 22:26:16.398276,Patna,25.59459484295169,85.17719252377032,verified,individual,,normal
acc_a0419402b0,2026-02-05 15:55:09.091055,Delhi,28.61231042757952,77.1039727578943,verified,business,,normal
acc_28547fe4b3,2025-10-29 15:15:52.078211,Kolkata,22.543701679244016,88.37431810913259,verified,business,,normal
acc_9b743cd73e,2025-07-31 17:05:01.833356,Delhi,28.725502165195856,77.07133181548764,verified,individual,,normal
acc_655f0077b0,2025-12-28 05:05:41.859225,Bengaluru,12.908673781182381,77.6241323450978,verified,business,,normal
acc_12eb220a41,2025-07-27 21:51:43.222009,Mumbai,19.122130578371216,72.89075790432065,verified,individual,,normal
acc_d1f40eeab7,2025-10-03 23:46:28.762428,Hyderabad,17.368298280654862,78.49731125543423,verified,individual,,normal
acc_1f3b00e953,2026-06-27 08:49:27.108677,Kolkata,22.54484357027069,88.31009975312053,verified,individual,,normal
acc_8ff83180eb,2025-10-11 16:01:24.260118,Hyderabad,17.466482637030758,78.55090400646263,verified,business,,normal
acc_da39670bd2,2025-07-30 13:05:24.289788,Delhi,28.768158844591152,77.0819229738406,verified,individual,,normal
acc_6304d00a4c,2026-05-07 17:37:40.718717,Hyderabad,17.337091904079518,78.4956925683744,verified,individual,,normal
acc_e96a82394a,2026-02-23 05:01:07.528060,Pune,18.56654921961381,73.82142162785067,verified,individual,,normal
acc_20b2ff8c87,2025-12-17 22:41:10.746043,Mumbai,19.04980207503236,72.80783426070505,verified,individual,,normal
acc_dcfbde2ebb,2025-10-03 11:29:15.641985,Bengaluru,12.923143425286252,77.56961926100719,verified,individual,,normal
acc_49970c0275,2025-07-28 06:40:54.742424,Hyderabad,17.412887613444365,78.43440666863123,verified,individual,,normal
acc_ff575e4700,2026-07-03 14:27:02.064210,Bengaluru,12.95043619331087,77.61421524035845,verified,individual,,normal
acc_119bd2a997,2026-02-27 05:33:25.417743,Chennai,12.951296401770403,80.32431737403199,verified,individual,,normal
acc_5d43f92025,2026-04-12 14:50:26.254837,Bengaluru,13.017786848389989,77.58030780516881,verified,business,,normal
acc_02c2418e19,2026-01-20 23:45:16.987702,Pune,18.433845741867177,73.90755545499829,verified,individual,,normal
acc_660b8dc8ba,2025-12-01 23:46:56.906828,Pune,18.49413355530168,73.81087908373416,verified,individual,,normal
acc_a132906d4f,2026-04-10 14:55:36.717179,Patna,25.57592017484147,85.09871776295748,verified,individual,,normal
acc_13cecaa581,2026-05-22 08:40:22.789385,Mumbai,19.14826257228311,72.8762002369587,verified,individual,,normal
acc_7fee3bff93,2026-03-26 23:44:04.386449,Hyderabad,17.32758475666597,78.49097148016803,verified,individual,,normal
acc_cf5ff624ad,2026-03-20 08:08:34.942667,Hyderabad,17.367897456268103,78.40549026142261,verified,individual,,normal
acc_2edc4fecca,2025-11-02 05:14:34.265535,Delhi,28.794233473044603,77.10504106158422,verified,individual,,normal
acc_0ba3ab536a,2026-05-19 04:04:34.947232,Bengaluru,12.942142201187526,77.60429831666403,verified,individual,,normal
acc_c9b857cb38,2026-06-03 04:59:32.134892,Chennai,13.06980062451058,80.24430127747858,verified,individual,,normal
acc_1b635588dd,2026-03-25 01:47:20.857690,Kolkata,22.560397584366175,88.35326350937937,verified,business,,normal
acc_cdf10fe261,2025-12-18 02:17:38.894611,Hyderabad,17.381008380844452,78.4673099849792,verified,individual,,normal
acc_dd427b353f,2026-02-27 02:34:10.659647,Delhi,28.690284806854688,77.10721576711208,verified,individual,,normal
acc_8771fc3b1d,2025-10-20 03:28:01.171138,Delhi,28.61882201976405,77.11228707919949,verified,individual,,normal
acc_63a3a4521a,2025-12-05 03:10:36.222682,Pune,18.52808581434864,73.8314545284323,verified,individual,,normal
acc_71338161d3,2025-11-23 09:57:44.388281,Mumbai,19.062942539843476,72.88663608831651,verified,individual,,normal
acc_31461bd33f,2026-06-23 13:17:03.180799,Hyderabad,17.323727773081433,78.5043002264004,verified,business,,normal
acc_d9e7864664,2026-04-29 13:58:24.898925,Kolkata,22.576558001670303,88.3815581503318,verified,individual,,normal
acc_d134eab643,2025-08-08 00:47:20.008568,Hyderabad,17.361089106841007,78.58643660431495,verified,individual,,normal
acc_new_9f5e4c9672,2026-07-26 20:48:39.167756,Kolkata,22.58631066051986,88.39862282905297,verified,individual,,new_signup
acc_new_6aec455a23,2026-07-29 13:12:26.846261,Bengaluru,13.058959359790203,77.58410014805429,verified,individual,,new_signup
acc_new_f9515cba85,2026-08-16 06:48:17.271686,Kolkata,22.59883896814102,88.28144072637579,verified,individual,,new_signup
acc_new_873520f87a,2026-08-02 20:43:37.579416,Hyderabad,17.373790460199913,78.52603094885424,verified,individual,,new_signup
acc_new_7652dc2f88,2026-08-05 00:36:49.264778,Patna,25.59089844161814,85.16720407419795,verified,individual,,new_signup
acc_new_5fbe809408,2026-07-30 21:05:20.163116,Chennai,13.06677955792084,80.31412163765766,verified,individual,,new_signup
acc_new_00ce992603,2026-07-31 18:01:24.720925,Patna,25.544548300371943,85.14110093351648,verified,individual,,new_signup
acc_new_d61fec70fc,2026-08-19 11:55:08.378366,Mumbai,19.155582177687243,72.89480925652822,verified,individual,,new_signup
acc_new_74025a1191,2026-07-31 11:10:57.018741,Mumbai,19.014367050019235,72.92270418532487,verified,individual,,new_signup
acc_new_f504aca4fa,2026-08-04 08:09:44.149548,Patna,25.60779342531793,85.16368113353757,verified,individual,,new_signup
acc_new_7f56e3febb,2026-08-04 18:42:11.486227,Mumbai,19.033390375383117,72.93934677316638,verified,individual,,new_signup
acc_new_781ed724d1,2026-08-11 16:08:44.550541,Delhi,28.688020561561675,77.06512778982972,verified,individual,,new_signup
acc_new_27ca9c892d,2026-08-15 12:08:51.118184,Bengaluru,12.902967329579791,77.57953142287965,verified,individual,,new_signup
acc_new_530a5924ad,2026-08-11 16:02:00.500365,Hyderabad,17.38720857494538,78.49078588760942,verified,individual,,new_signup
acc_new_fa1a65b338,2026-08-19 01:30:31.399680,Mumbai,19.022475392557087,72.81273636412443,verified,individual,,new_signup
acc_new_6149d49445,2026-07-26 14:42:06.114783,Pune,18.457694012938337,73.92095509749178,verified,individual,,new_signup
acc_new_ab5c0a0da2,2026-08-10 19:27:17.425473,Mumbai,19.029987102282494,72.88965867926223,verified,individual,,new_signup
acc_new_51317970f4,2026-07-30 23:29:46.481200,Delhi,28.711847487142382,77.13275540187306,verified,individual,,new_signup
acc_new_eef2ee0fc8,2026-07-30 07:13:38.186791,Delhi,28.717576663040727,77.12650687873933,verified,individual,,new_signup
acc_new_d8c87fefbe,2026-08-06 12:16:55.406371,Chennai,13.040669892869369,80.30096809577513,verified,individual,,new_signup
acc_new_e9cd1ffca6,2026-08-17 11:19:31.396429,Kolkata,22.536220972231938,88.43169209752098,verified,individual,,new_signup
acc_new_06bb8c88bf,2026-08-13 05:50:06.429293,Pune,18.455435752168977,73.87519205311528,verified,individual,,new_signup
acc_new_a450f43a02,2026-07-25 14:16:30.207780,Hyderabad,17.33938145791914,78.39195576629012,verified,individual,,new_signup
acc_new_fa0f136f5f,2026-07-26 02:58:17.366022,Patna,25.585807812253762,85.15402849167911,verified,individual,,new_signup
acc_new_520528a153,2026-08-02 09:54:23.246523,Delhi,28.729900328004,77.10126306506666,verified,individual,,new_signup
acc_new_22242559c2,2026-08-18 16:28:43.860800,Bengaluru,12.956781326090049,77.59386659884045,verified,individual,,new_signup
acc_new_7703c18510,2026-08-18 09:31:14.842391,Chennai,13.053554666347232,80.28037662959073,verified,individual,,new_signup
acc_new_1f8fbd4631,2026-07-28 21:48:23.829170,Pune,18.567761015184836,73.87341727977669,verified,individual,,new_signup
acc_new_ba5eaace9d,2026-08-18 10:05:10.513605,Delhi,28.661516216266854,77.09139181508806,verified,individual,,new_signup
acc_new_798182092e,2026-08-08 09:47:54.164568,Kolkata,22.688122703381143,88.37380521456953,verified,individual,,new_signup
acc_new_88216c7650,2026-08-15 11:21:47.657121,Patna,25.57449830483571,85.0990182828848,verified,individual,,new_signup
acc_new_a3b1063be6,2026-08-12 07:27:52.263406,Pune,18.499509702126225,73.916883813936,verified,individual,,new_signup
acc_new_ee3f23c15b,2026-08-05 00:18:57.862198,Pune,18.559321968689638,73.84535383415397,verified,individual,,new_signup
acc_new_97a422519e,2026-08-03 12:34:30.892226,Bengaluru,13.043485212913353,77.57022446735283,verified,individual,,new_signup
acc_new_30d53f52c4,2026-08-14 18:49:13.873801,Patna,25.56027866971834,85.25648665870389,verified,individual,,new_signup
acc_new_04cab29f53,2026-08-17 12:45:07.989829,Delhi,28.711154024182715,77.14211381283488,verified,individual,,new_signup
acc_new_36efc44fe1,2026-08-10 08:17:11.769690,Kolkata,22.614183962986864,88.37634667558743,verified,individual,,new_signup
acc_new_9f03dfea49,2026-08-17 12:23:33.187530,Kolkata,22.540056513379284,88.38723806424497,verified,individual,,new_signup
acc_new_2d94384482,2026-08-05 16:56:09.116783,Kolkata,22.528158902109652,88.38098270116382,verified,individual,,new_signup
acc_new_427790b338,2026-08-13 05:58:41.664271,Kolkata,22.574450760545925,88.27257854778432,verified,individual,,new_signup
acc_new_8a25d05554,2026-08-13 14:06:05.012259,Patna,25.63571314320792,85.12893877546443,verified,individual,,new_signup
acc_new_b6a30f5403,2026-08-07 08:48:50.574705,Hyderabad,17.406755085636163,78.4732843658288,verified,individual,,new_signup
acc_new_b48c4186d4,2026-08-15 19:14:35.400613,Chennai,13.062596236697752,80.298655632019,verified,individual,,new_signup
acc_new_45c7fa8696,2026-08-12 02:48:10.856241,Bengaluru,12.959531449439766,77.65104769763154,verified,individual,,new_signup
acc_new_b1d04e69f2,2026-08-08 11:11:51.045754,Hyderabad,17.334966155808356,78.51457551090701,verified,individual,,new_signup
acc_new_ec1b970b9b,2026-07-26 13:41:12.963001,Delhi,28.74222979985029,77.05737243334445,verified,individual,,new_signup
acc_new_9d5f21bf3d,2026-08-05 00:10:00.077651,Bengaluru,13.031045312075026,77.6142175348112,verified,individual,,new_signup
acc_new_f40d5d8d08,2026-08-17 06:25:36.914266,Chennai,13.02665295867641,80.2275717829945,verified,individual,,new_signup
acc_new_8eb624e357,2026-07-28 13:16:40.188311,Delhi,28.717861052621565,77.04097638019607,verified,individual,,new_signup
acc_new_dcdaed5240,2026-07-29 04:37:18.774955,Patna,25.575119509307626,85.24501697122982,verified,individual,,new_signup
acc_new_cce82d8e9d,2026-08-05 21:08:31.763002,Mumbai,19.101835471548863,72.85417520984988,verified,individual,,new_signup
acc_new_af0b8f391e,2026-07-31 17:56:52.154859,Mumbai,19.006024416402255,72.90689480530656,verified,individual,,new_signup
acc_new_ce3adcde74,2026-07-24 02:45:42.352219,Hyderabad,17.383759635639798,78.41173587357815,verified,individual,,new_signup
acc_new_3c12078033,2026-07-25 02:26:01.682765,Patna,25.551007449785157,85.14771069277027,verified,individual,,new_signup
acc_new_47639f2b2f,2026-08-12 23:05:27.390542,Patna,25.607374302670646,85.16545199055004,verified,individual,,new_signup
acc_new_5b322625be,2026-08-20 09:18:29.257533,Pune,18.52437076740698,73.91272113795806,verified,individual,,new_signup
acc_new_836008c401,2026-08-07 09:06:06.531011,Pune,18.504709420165057,73.83752320794291,verified,individual,,new_signup
acc_new_ad63f1004e,2026-08-05 22:00:00.133991,Pune,18.476542990741468,73.83562383343359,verified,individual,,new_signup
acc_new_cdf12ab590,2026-08-20 22:56:55.324157,Delhi,28.659520664824676,77.08753349985776,verified,individual,,new_signup
acc_new_ce6cf0b80e,2026-08-04 05:13:42.833115,Mumbai,19.10573982377075,72.86877745375503,verified,individual,,new_signup
acc_new_2851a458d2,2026-08-05 19:47:50.391412,Patna,25.545338248287944,85.0679771192044,verified,individual,,new_signup
acc_new_d259cec5da,2026-08-01 13:18:38.806953,Pune,18.587229994810603,73.83998810961032,verified,individual,,new_signup
acc_new_120aab3b9b,2026-08-03 04:02:13.260802,Delhi,28.68083863831336,77.1746700405886,verified,individual,,new_signup
acc_new_7506530617,2026-07-30 12:22:46.002489,Patna,25.638029952747047,85.15894010229204,verified,individual,,new_signup
acc_new_66144596e7,2026-08-09 19:55:48.154760,Chennai,13.135191256984657,80.23933644471182,verified,individual,,new_signup
acc_new_7a36c03e2c,2026-08-12 21:55:15.161089,Patna,25.628795163575795,85.1081103598306,verified,individual,,new_signup
acc_new_e273a20689,2026-08-16 07:19:53.927968,Chennai,13.17114716308686,80.1954566659999,verified,individual,,new_signup
acc_new_89ddd5fc57,2026-08-17 21:53:10.707795,Hyderabad,17.414740930846445,78.44254741497238,verified,individual,,new_signup
acc_new_8c1dd9cd85,2026-08-16 07:34:44.559881,Bengaluru,12.928219192849944,77.61396933508568,verified,individual,,new_signup
acc_new_086fa0e038,2026-08-18 02:39:00.236498,Delhi,28.73248277527441,77.06949333964927,verified,individual,,new_signup
acc_new_16bddf7dc0,2026-08-01 16:24:15.083109,Chennai,13.041865889697156,80.28226302700575,verified,individual,,new_signup
acc_new_86fe69839e,2026-08-06 14:15:04.515948,Patna,25.565690624502153,85.14472131223205,verified,individual,,new_signup
acc_new_cf6c57e37f,2026-08-04 20:06:46.704518,Chennai,13.08070493420759,80.27219493916107,verified,individual,,new_signup
acc_new_5d3a58fe4f,2026-08-16 14:56:56.843306,Kolkata,22.599856098537504,88.4072156026094,verified,individual,,new_signup
acc_new_8bcd5f71a1,2026-08-16 07:37:49.126279,Chennai,13.092151509592572,80.20644676096599,verified,individual,,new_signup
acc_new_618bdbb33e,2026-08-02 15:02:44.520361,Chennai,13.09674639370105,80.23894235141725,verified,individual,,new_signup
acc_new_c38b274fa0,2026-08-04 04:22:27.140513,Kolkata,22.625725410028227,88.3991554977202,verified,individual,,new_signup
acc_new_77c61b7667,2026-08-10 03:10:06.312380,Chennai,13.037237499201606,80.19498616880422,verified,individual,,new_signup
acc_new_3e9e7e9af3,2026-08-10 18:05:19.318631,Chennai,13.118508459523335,80.23934575075134,verified,individual,,new_signup
acc_new_eb179a808c,2026-08-13 04:32:49.319313,Patna,25.6089081895769,85.08417116628297,verified,individual,,new_signup
acc_ring0_0_7be32e,2026-07-25 19:40:40.942603,Patna,25.569761806653094,85.14649851111247,pending,individual,ring_0,ring
acc_ring0_1_8b21f9,2026-07-25 19:04:40.074851,Patna,25.57323650755168,85.1013199310677,pending,individual,ring_0,ring
acc_ring0_2_336916,2026-07-25 19:08:57.665478,Patna,25.617822166012445,85.12535594635095,pending,individual,ring_0,ring
acc_ring0_3_44bf4d,2026-07-25 21:01:53.521567,Patna,25.60051769965896,85.1280619843223,pending,individual,ring_0,ring
acc_ring0_4_a32d46,2026-07-25 19:42:09.543411,Patna,25.539105300163936,85.14228824141081,pending,individual,ring_0,ring
acc_ring0_5_536cca,2026-07-25 19:59:12.605170,Patna,25.592851151917035,85.1280612064861,verified,individual,ring_0,ring
acc_ring0_6_22768a,2026-07-25 21:01:40.125737,Patna,25.587590672048346,85.13484758088094,verified,individual,ring_0,ring
acc_ring0_7_fb89bd,2026-07-25 18:48:01.669454,Patna,25.617696411657548,85.11106983020045,verified,individual,ring_0,ring
acc_ring0_8_464904,2026-07-25 20:31:09.078647,Patna,25.571663291605358,85.07997205063984,pending,individual,ring_0,ring
acc_ring0_9_9fd689,2026-07-25 19:34:50.323422,Patna,25.618530650447756,85.15647269537197,verified,individual,ring_0,ring
acc_ring0_10_8da8f7,2026-07-25 21:33:35.912384,Patna,25.60944619197959,85.14638558586708,verified,individual,ring_0,ring
acc_ring0_11_72b049,2026-07-25 19:48:44.842514,Patna,25.58531776284242,85.12627333047742,verified,individual,ring_0,ring
acc_ring0_12_e4fe0b,2026-07-25 20:52:58.558967,Patna,25.62351578745153,85.15373233384994,verified,individual,ring_0,ring
acc_ring0_13_f92036,2026-07-25 18:22:47.941161,Patna,25.59188012728878,85.14802109339512,pending,individual,ring_0,ring
acc_ring0_14_8c0bbd,2026-07-25 18:48:40.719354,Patna,25.635872996056538,85.14815594104813,pending,individual,ring_0,ring
acc_ring0_15_35faf6,2026-07-25 20:40:17.662895,Patna,25.609268611248922,85.1513618372675,pending,individual,ring_0,ring
acc_ring0_16_f536db,2026-07-25 21:26:00.464104,Patna,25.575359581352366,85.16528800482175,pending,individual,ring_0,ring
acc_ring0_17_945a6d,2026-07-25 19:58:27.948747,Patna,25.600703549272602,85.14094783924271,verified,individual,ring_0,ring
acc_ring0_18_01b5fb,2026-07-25 21:18:40.558999,Patna,25.604450977896906,85.11071734813993,pending,individual,ring_0,ring
acc_ring0_19_832fdc,2026-07-25 18:39:55.200871,Patna,25.601601690062125,85.14450373033304,verified,individual,ring_0,ring
acc_ring0_20_7d6d0c,2026-07-25 18:49:37.431296,Patna,25.60076475054874,85.10946730867236,verified,individual,ring_0,ring
acc_ring0_21_a320ce,2026-07-25 19:09:08.504786,Patna,25.608409473846283,85.13052587805643,pending,individual,ring_0,ring
acc_ring1_0_4ddeb6,2026-07-26 10:47:38.426735,Patna,25.615731710857183,85.15689167215633,pending,individual,ring_1,ring
acc_ring1_1_652651,2026-07-26 10:02:49.271961,Patna,25.5831559733067,85.10181913057393,pending,individual,ring_1,ring
acc_ring1_2_04ae2b,2026-07-26 10:06:19.974159,Patna,25.559232763237738,85.11308618206829,pending,individual,ring_1,ring
acc_ring1_3_818877,2026-07-26 10:50:16.931814,Patna,25.599402642077216,85.16477978543047,verified,individual,ring_1,ring
acc_ring1_4_716a01,2026-07-26 08:18:27.127483,Patna,25.617812949224383,85.12839472529215,verified,individual,ring_1,ring
acc_ring1_5_bfad8c,2026-07-26 10:06:13.542014,Patna,25.587687590936756,85.16342395411394,verified,individual,ring_1,ring
acc_ring1_6_334c9b,2026-07-26 08:35:01.631950,Patna,25.616756205538035,85.12036775174852,verified,individual,ring_1,ring
acc_ring1_7_0bec8c,2026-07-26 11:27:27.412908,Patna,25.585206756827294,85.10942277078018,pending,individual,ring_1,ring
acc_ring1_8_73e9a8,2026-07-26 09:50:47.069511,Patna,25.612781779438073,85.10408407584484,pending,individual,ring_1,ring
acc_ring1_9_10d0d9,2026-07-26 08:59:01.312378,Patna,25.617837099561445,85.14381119479881,pending,individual,ring_1,ring
acc_ring1_10_e198cb,2026-07-26 10:22:24.001051,Patna,25.618754807045345,85.19240077308969,verified,individual,ring_1,ring
acc_ring1_11_acf7ce,2026-07-26 11:38:20.488975,Patna,25.577497943282765,85.13879610963149,pending,individual,ring_1,ring
acc_ring1_12_f0d262,2026-07-26 12:04:31.042144,Patna,25.60512759441855,85.15759277794034,pending,individual,ring_1,ring
acc_ring1_13_06958c,2026-07-26 10:51:24.255355,Patna,25.60938295129504,85.12085761603004,pending,individual,ring_1,ring
acc_ring1_14_ff4772,2026-07-26 10:41:37.515175,Patna,25.63617007620464,85.13529030721149,verified,individual,ring_1,ring
acc_ring1_15_3de3b9,2026-07-26 10:46:53.612584,Patna,25.596184111934736,85.1670044856408,pending,individual,ring_1,ring
acc_ring1_16_55e696,2026-07-26 09:46:04.667022,Patna,25.590636591760116,85.12508442903278,pending,individual,ring_1,ring
acc_ring1_17_16770b,2026-07-26 09:31:30.720571,Patna,25.62452944169683,85.12552197271515,pending,individual,ring_1,ring
acc_ring1_18_45e4d4,2026-07-26 11:35:35.102550,Patna,25.582564963095507,85.134301356454,pending,individual,ring_1,ring
acc_ring1_19_0d8ebf,2026-07-26 10:12:00.973521,Patna,25.58295273566297,85.15783935460244,pending,individual,ring_1,ring
acc_ring1_20_224fa4,2026-07-26 10:38:12.933028,Patna,25.581960503860756,85.13524710599538,pending,individual,ring_1,ring
acc_ring2_0_b15c01,2026-07-26 04:27:56.871555,Kolkata,22.57625472760842,88.36544686664551,verified,individual,ring_2,ring
acc_ring2_1_3b9d73,2026-07-26 06:34:56.921804,Kolkata,22.606377602655428,88.3811933522469,pending,individual,ring_2,ring
acc_ring2_2_57237b,2026-07-26 05:02:19.931377,Kolkata,22.575442976372184,88.36040887918912,verified,individual,ring_2,ring
acc_ring2_3_891cac,2026-07-26 03:21:08.059623,Kolkata,22.589321118030842,88.33683944647521,verified,individual,ring_2,ring
acc_ring2_4_069bc5,2026-07-26 06:02:36.619089,Kolkata,22.547241614033403,88.35684767724536,pending,individual,ring_2,ring
acc_ring2_5_8d047d,2026-07-26 03:49:57.807610,Kolkata,22.563482442874935,88.36571423675697,verified,individual,ring_2,ring
acc_ring2_6_92765f,2026-07-26 07:06:25.048050,Kolkata,22.538300823909804,88.38153753177819,pending,individual,ring_2,ring
acc_ring2_7_895f0b,2026-07-26 04:14:13.092702,Kolkata,22.582032388962872,88.37846709069404,verified,individual,ring_2,ring
acc_ring2_8_ba1a8f,2026-07-26 05:37:29.751341,Kolkata,22.559779456916306,88.37648281486591,pending,individual,ring_2,ring
acc_ring2_9_6b2b94,2026-07-26 04:24:57.232580,Kolkata,22.55827604740744,88.31786460319675,pending,individual,ring_2,ring
acc_ring2_10_bf266d,2026-07-26 06:33:59.884123,Kolkata,22.569473460685888,88.34339967282303,pending,individual,ring_2,ring
acc_ring2_11_822390,2026-07-26 05:03:56.468929,Kolkata,22.5726755057914,88.39839903747216,pending,individual,ring_2,ring
acc_ring2_12_9364b4,2026-07-26 04:53:24.397254,Kolkata,22.56249054793201,88.35003283299386,verified,individual,ring_2,ring
acc_ring2_13_ec43b1,2026-07-26 04:32:32.053895,Kolkata,22.59018376132419,88.35522073217092,verified,individual,ring_2,ring
acc_ring2_14_3ecdfe,2026-07-26 04:58:48.222870,Kolkata,22.57112137125597,88.35433683832939,verified,individual,ring_2,ring
acc_ring2_15_f1463e,2026-07-26 05:20:53.354567,Kolkata,22.57772098507644,88.35887532953959,pending,individual,ring_2,ring
acc_ring2_16_8f051b,2026-07-26 03:21:40.312719,Kolkata,22.596419599853135,88.33480968574848,verified,individual,ring_2,ring
acc_ring2_17_ba5b14,2026-07-26 04:25:42.398708,Kolkata,22.542413744540696,88.36711211058793,verified,individual,ring_2,ring
acc_ring2_18_059e29,2026-07-26 04:38:21.082416,Kolkata,22.56956302490973,88.32327138604317,verified,individual,ring_2,ring
acc_ring2_19_24c721,2026-07-26 06:20:22.421991,Kolkata,22.56271350252481,88.36481332400595,verified,individual,ring_2,ring
acc_ring2_20_47b286,2026-07-26 06:16:35.250248,Kolkata,22.58684983545767,88.31943815372854,verified,individual,ring_2,ring
acc_ring2_21_c3d948,2026-07-26 04:36:47.217254,Kolkata,22.56262902705404,88.36863136610776,pending,individual,ring_2,ring
acc_ring2_22_37b912,2026-07-26 05:23:14.286328,Kolkata,22.59786104342057,88.38455450676871,pending,individual,ring_2,ring
acc_ring2_23_95b2e8,2026-07-26 04:53:49.083039,Kolkata,22.61142850370116,88.36902474185389,pending,individual,ring_2,ring
acc_ring2_24_205d3b,2026-07-26 04:47:00.244428,Kolkata,22.57464710977323,88.37385608446411,verified,individual,ring_2,ring
acc_ring2_25_320724,2026-07-26 03:37:01.948477,Kolkata,22.550207681540694,88.38254740145983,pending,individual,ring_2,ring
acc_ring2_26_1f8599,2026-07-26 03:53:48.783259,Kolkata,22.571452395170695,88.35568735432406,pending,individual,ring_2,ring
acc_ring2_27_28abeb,2026-07-26 06:33:04.490373,Kolkata,22.56413029315459,88.36608515258214,pending,individual,ring_2,ring
acc_ring2_28_2aafd1,2026-07-26 07:00:35.750587,Kolkata,22.563855375179596,88.3777165794706,verified,individual,ring_2,ring
acc_6c4f6d7119,2026-05-02 14:44:54.559199,Bengaluru,12.883772912131832,77.6029610332474,verified,individual,,ambiguous_payroll_batch
acc_17eaca16f3,2025-12-19 21:56:27.724761,Chennai,12.986943196888605,80.19471764970359,verified,individual,,ambiguous_payroll_batch
acc_2ee0383fb3,2026-05-02 04:56:48.801157,Delhi,28.71371148481622,77.11084532274754,verified,individual,,ambiguous_payroll_batch
acc_7c82b3cf33,2026-03-27 21:29:45.061904,Bengaluru,12.975571042282585,77.65940710936208,verified,individual,,ambiguous_payroll_batch
acc_453923b76b,2025-09-13 12:29:32.341573,Pune,18.472777447164745,73.80425377031109,verified,individual,,ambiguous_payroll_batch
acc_004f2147cb,2025-12-05 03:49:58.735983,Pune,18.554249892380057,73.81630752727834,verified,individual,,ambiguous_payroll_batch
acc_cb557cb7db,2025-10-08 23:21:56.743765,Pune,18.56949960567291,73.90916997619438,verified,individual,,ambiguous_festival_spree
acc_e4cd146a60,2026-05-30 17:35:44.845117,Patna,25.615820745233805,85.05367705540746,verified,individual,,ambiguous_festival_spree
acc_bac304bc58,2026-07-13 11:03:08.040742,Bengaluru,12.967446603178223,77.65010390030773,verified,business,,ambiguous_festival_spree
acc_00b2014d96,2025-12-14 15:53:50.926386,Patna,25.59180931388816,85.17043432708644,verified,individual,,ambiguous_festival_spree
acc_1f126d2972,2025-12-15 05:17:18.887610,Bengaluru,13.005384031802233,77.59371324833545,verified,individual,,ambiguous_festival_spree
acc_33e6f95317,2025-12-30 11:36:30.150670,Bengaluru,12.953929112178534,77.63938729996684,verified,individual,,ambiguous_festival_spree
acc_0bf5136ccb,2025-08-01 22:18:39.916285,Patna,25.63889121805781,85.19898528015328,verified,individual,,ambiguous_genuine_travel
acc_eeb9ade4d7,2025-10-04 12:15:04.124871,Mumbai,19.08865131068981,72.85745277031961,verified,individual,,ambiguous_genuine_travel
acc_62d5d9521e,2025-10-21 19:55:10.338044,Kolkata,22.583509393901277,88.43366779652412,verified,individual,,ambiguous_genuine_travel
acc_05cd20f0df,2026-02-20 12:02:12.363945,Pune,18.493180079009093,73.83416723022609,verified,individual,,ambiguous_genuine_travel
acc_9c8d1c7091,2026-04-15 07:31:25.894295,Hyderabad,17.45624279701795,78.4659163280164,verified,individual,,ambiguous_genuine_travel
acc_d1ef026110,2025-10-25 23:49:15.985286,Patna,25.60777850328776,85.14665447841328,verified,individual,,ambiguous_genuine_travel
